<?xml version="1.0" encoding="UTF-8"?>
<!DOCTYPE coverity SYSTEM "config.dtd">
<coverity>

<metrics>
    <metric>
        <name>time</name>
        <value>45</value>
    </metric>
    <metric>
        <name>args</name>
        <value>C:\Users\4014218\AppData\Roaming\Synopsys\desktop\controller\installedtools\coverity-analysis\2021.01-1\bin\cov-build -c C:\Users\4014218\.synopsys\polaris\coverity_fs_capture_configs\2021.01-1\compiler_config.xml --dir C:\Users\4014218\Desktop\udm\framwork\.synopsys\polaris\data\coverity\2021.01-1\idir --delete-stale-tus --return-emit-failures --no-security-da --fs-capture-list C:\Users\4014218\AppData\Local\Temp\swip_cli_fs_capture_list_637149184 --no-command</value>
    </metric>
    <metric>
        <name>host</name>
        <value>GURMBCP0413</value>
    </metric>
    <metric>
        <name>short-platform</name>
        <value>win64</value>
    </metric>
    <metric>
        <name>platform</name>
        <value>Windows 10 Professional, 64-bit (build 19041)</value>
    </metric>
    <metric>
        <name>ident</name>
        <value>2021.01-1 (build 5f2abde9cd p-2021.01-push-155)</value>
    </metric>
    <metric>
        <name>user</name>
        <value>4014218</value>
    </metric>
    <metric>
        <name>cwd</name>
        <value>C:\Users\4014218\Desktop\udm\framwork</value>
    </metric>
    <metric>
        <name>config</name>
        <value>C:\Users\4014218\.synopsys\polaris\coverity_fs_capture_configs\2021.01-1\compiler_config.xml</value>
    </metric>
    <metric>
        <name>intermediatedir</name>
        <value>C:\Users\4014218\Desktop\udm\framwork\.synopsys\polaris\data\coverity\2021.01-1\idir</value>
    </metric>
    <metric>
        <name>outputdir</name>
        <value>C:\Users\4014218\Desktop\udm\framwork\.synopsys\polaris\data\coverity\2021.01-1\idir\output</value>
    </metric>
    <metric>
        <name>emitdir</name>
        <value>C:\Users\4014218\Desktop\udm\framwork\.synopsys\polaris\data\coverity\2021.01-1\idir\emit</value>
    </metric>
    <metric>
        <name>force</name>
        <value>no</value>
    </metric>
    <metric>
        <name>cygwin</name>
        <value>no</value>
    </metric>
    <metric>
        <name>failures</name>
        <value>0</value>
    </metric>
    <metric>
        <name>successes</name>
        <value>23</value>
    </metric>
    <metric>
        <name>recoverable-errors</name>
        <value>0</value>
    </metric>
    <metric>
        <name>dotnet-webapps-detected</name>
        <value>0</value>
    </metric>
    <metric>
        <name>dotnet-webapp-successes</name>
        <value>0</value>
    </metric>
    <metric>
        <name>dotnet-webapp-compilation-secs</name>
        <value>0</value>
    </metric>
    <metric>
        <name>buildcmd</name>
        <value>C:\Users\4014218\AppData\Roaming\Synopsys\desktop\controller\installedtools\coverity-analysis\2021.01-1\bin\cov-build.exe</value>
    </metric>
</metrics>
</coverity>
